"avg_combat","sd_combat","cv_combat","avg_kills","sd_kills","cv_kills","avg_injuries","sd_injuries","cv_injuries"
497.534752475248,177.559258917095,0.356878103557056,2.55445544554455,8.80735516205035,3.44784058669413,4.55445544554455,0.741286011263567,0.162760624212218
